J,K,p10_minus_p1_mean_pct,tstat_nw,n_months
3,3,0.09469058285797814,0.2423852049364162,309
3,6,0.28814804221949897,0.846606072371915,309
3,9,0.35217083408424693,1.0454004419652727,309
3,12,0.3071290797136722,0.9413145934565726,309
6,3,0.4639196738733569,0.9457494926146605,306
6,6,0.5234107012560472,1.0987973165265235,306
6,9,0.4844062521136138,1.029117230139245,306
6,12,0.3874242225015937,0.8349190518278119,306
9,3,0.4167892355337402,0.7464480998959866,303
9,6,0.3415616623290796,0.6257698529534121,303
9,9,0.27334541465681894,0.49676241162298934,303
9,12,0.20455756766854372,0.3755710249203818,303
12,3,0.000150261499010688,0.0002489186156307712,300
12,6,-0.045293243524964,-0.07333786771266602,300
12,9,-0.05770514516978594,-0.09221107697189804,300
12,12,-0.11762956328794152,-0.19079929330419662,300
