J,K,p10_minus_p1_mean_pct,tstat_nw,n_months,size
3,3,-0.07708409530644653,-0.17935036860415732,309,Small
3,6,0.20480233241942275,0.5540402084488952,309,Small
3,9,0.2989756393941797,0.8365569556056642,309,Small
3,12,0.30289201738961546,0.8671451106683499,309,Small
6,3,0.3445340975411414,0.6485831558424662,306,Small
6,6,0.4795412074120113,0.941516692338307,306,Small
6,9,0.48170162589050625,0.9512366195768158,306,Small
6,12,0.42362326779306303,0.8413503876261926,306,Small
9,3,0.3325991075191541,0.549618827374887,303,Small
9,6,0.37623940183731813,0.6302245225086474,303,Small
9,9,0.3430875270890659,0.5680772795055073,303,Small
9,12,0.295539666534604,0.49098661555822876,303,Small
12,3,-0.015104120319608135,-0.023016088180520533,300,Small
12,6,-0.02814867015521457,-0.04190815951178586,300,Small
12,9,-0.0010984852318360143,-0.001616575721768628,300,Small
12,12,-0.02801938689124069,-0.04129575536444219,300,Small
3,3,0.19920622370210736,0.6841042075737446,309,Large
3,6,0.28471511043183906,1.248856090397946,309,Large
3,9,0.2867299361779201,1.3327847113112536,309,Large
3,12,0.24100522824396625,1.2827149016210284,309,Large
6,3,0.5170296115483105,1.5362392468569435,306,Large
6,6,0.49592402371573224,1.6049943318956492,306,Large
6,9,0.4624717010150324,1.5995020447127004,306,Large
6,12,0.3897009564324413,1.4663495426967326,306,Large
9,3,0.6133808201452542,1.5893532882872476,303,Large
9,6,0.4863334049895578,1.3331588790975388,303,Large
9,9,0.4214801691194217,1.2418475400740663,303,Large
9,12,0.3374147180163735,1.0813868892139995,303,Large
12,3,0.4236526724535533,1.0443611913570263,300,Large
12,6,0.3483519042035688,0.8912986656769418,300,Large
12,9,0.33174880135735707,0.9099456897100167,300,Large
12,12,0.2774479995088959,0.8130077531957263,300,Large
